method,episode,status,steps,time,collision,nfz_violated,success
APEX,1,ERROR,0,0,0,0,0
APEX,2,ERROR,0,0,0,0,0
APEX,3,ERROR,0,0,0,0,0
APEX,4,ERROR,0,0,0,0,0
APEX,5,ERROR,0,0,0,0,0
APEX,6,ERROR,0,0,0,0,0
APEX,7,ERROR,0,0,0,0,0
APEX,8,ERROR,0,0,0,0,0
APEX,9,ERROR,0,0,0,0,0
APEX,10,ERROR,0,0,0,0,0
LLM_Only,1,ERROR,0,0,0,0,0
LLM_Only,2,ERROR,0,0,0,0,0
LLM_Only,3,ERROR,0,0,0,0,0
LLM_Only,4,ERROR,0,0,0,0,0
LLM_Only,5,ERROR,0,0,0,0,0
LLM_Only,6,ERROR,0,0,0,0,0
LLM_Only,7,ERROR,0,0,0,0,0
LLM_Only,8,ERROR,0,0,0,0,0
LLM_Only,9,ERROR,0,0,0,0,0
LLM_Only,10,ERROR,0,0,0,0,0
