condition,method,env,episode,success,collision,nfz_violated,steps,time
Hybrid_no_NFZ,Hybrid,no_NFZ,1,1,1,0,794,7.94
Hybrid_no_NFZ,Hybrid,no_NFZ,2,1,1,0,932,9.32
Hybrid_no_NFZ,Hybrid,no_NFZ,3,1,1,0,967,9.67
Hybrid_no_NFZ,Hybrid,no_NFZ,4,1,1,0,573,5.73
Hybrid_no_NFZ,Hybrid,no_NFZ,5,1,1,0,722,7.22
VLM_no_NFZ,VLM,no_NFZ,1,1,1,0,600,6.0
VLM_no_NFZ,VLM,no_NFZ,2,1,1,0,620,6.2
VLM_no_NFZ,VLM,no_NFZ,3,1,1,0,602,6.02
VLM_no_NFZ,VLM,no_NFZ,4,1,1,0,620,6.2
VLM_no_NFZ,VLM,no_NFZ,5,1,1,0,622,6.22
Hybrid_NFZ,Hybrid,NFZ,1,1,1,0,736,7.36
Hybrid_NFZ,Hybrid,NFZ,2,1,1,0,687,6.87
Hybrid_NFZ,Hybrid,NFZ,3,1,1,0,705,7.05
Hybrid_NFZ,Hybrid,NFZ,4,1,1,0,694,6.94
Hybrid_NFZ,Hybrid,NFZ,5,1,1,0,687,6.87
VLM_NFZ,VLM,NFZ,1,1,0,1,585,5.85
VLM_NFZ,VLM,NFZ,2,1,0,1,585,5.85
VLM_NFZ,VLM,NFZ,3,1,0,1,586,5.86
VLM_NFZ,VLM,NFZ,4,1,1,1,586,5.86
VLM_NFZ,VLM,NFZ,5,1,0,1,585,5.85
